{
    "groups": {
        "3D Geology": [
            {
                "display_name": "Regions",
                "displayed": true,
                "include": true,
                "model_url": "3D_geology_flags.gz",
                "popups": {
                    "^3D GEOLOGY-01_Proterozoic_dyke": {
                        "title": "3D GEOLOGY"
                    }
                },
                "volumeData": {
                    "dataType": "BIT_MASK",
                    "bitSize": 27,
                    "dataDims": [103, 175, 103],
                    "origin": [696000.0, 6863000.0, -40000.0],
                    "size": [51000.0, 87000.0, 51000.0],
                    "colourLookup": { "1": [0.870588, 0.898039, 0.92549],
                                 "2": [0.67451, 0.701961, 0.305882],
                                 "3": [0.929412, 0.6, 0.568627],
                                 "4": [0.945098, 0.298039, 0.321569],
                                 "5": [0.901961, 0.721569, 0.686275],
                                 "6": [0.764706, 0.862745, 0.788235],
                                 "7": [0.764706, 0.862745, 0.788235],
                                 "8": [0.764706, 0.862745, 0.788235],
                                 "9": [0.764706, 0.862745, 0.788235],
                                 "10": [0, 0.392157, 0],
                                 "11": [0.788235, 0.756863, 0.87451],
                                 "12": [0.231373, 0.701961, 0.435294],
                                 "13": [0.164706, 0.533333, 0.780392],
                                 "14": [0.254902, 0.533333, 0.243137],
                                 "15": [0.584314, 0.384314, 0.737255],
                                 "16": [0.839216, 0.803922, 0.768627],
                                 "17": [0.976471, 0.701961, 0.607843],
                                 "18": [0.921569, 0.47451, 0.458824],
                                 "19": [0.94902, 0.819608, 0.788235],
                                 "20": [0, 0.521569, 0.54902],
                                 "21": [1, 1, 1]
                    }
                },
                "type": "3DVolume"
            }
        ]
    },
    "properties": {
        "crs": "EPSG:3857",
        "extent": [
            696000.0,
            746504.8543689321,
            6863000.0,
            6949502.857142857
        ],
        "init_cam_dist": 500000.0,
        "name": "Sandstone"
    },
    "type": "GeologicalModel",
    "version": 1.0
}